rank,player_name,composite_score
1,RN ten Doeschate,1.9261
2,V Kohli,1.9
3,ML Hayden,1.8344
4,AC Voges,1.7638
5,Milind Kumar,1.7422
6,MEK Hussey,1.7302
7,JE Root,1.7301
8,A Symonds,1.7134
9,Babar Azam,1.7127
10,KS Williamson,1.7086
11,HC Brook,1.6958
12,JH Kallis,1.6789
13,KP Pietersen,1.6688
14,YBK Jaiswal,1.6681
15,DA Warner,1.6631
16,HM Amla,1.6616
17,SV Samson,1.6589
18,Mohammad Rizwan,1.6555
19,MS Dhoni,1.6425
20,AB de Villiers,1.6421
21,KC Sangakkara,1.6388
22,Shubman Gill,1.636
23,DJ Mitchell,1.6303
24,KL Rahul,1.6297
25,SR Mukkamalla,1.6214
26,Misbah-ul-Haq,1.6193
27,RG Sharma,1.6125
28,DP Conway,1.6053
29,TM Head,1.605
30,F du Plessis,1.5984
31,DA Miller,1.5971
32,BC Lara,1.592
33,RT Ponting,1.5904
34,MK Pandey,1.5852
35,Q de Kock,1.5848
36,Ibrahim Zadran,1.5817
37,Mohammad Yousuf,1.5795
38,SPD Smith,1.573
39,Anshuman Rath,1.57
40,RR Rossouw,1.5697
41,SS Iyer,1.5652
42,AM Tribe,1.5648
43,GC Smith,1.563
44,HG Munsey,1.5596
45,P Nissanka,1.5564
46,BM Duckett,1.5546
47,IA Karim,1.5516
48,Ishan Kishan,1.5499
49,A Bagai,1.5461
50,LRPL Taylor,1.5431
51,AJ Finch,1.5426
52,DM Jones,1.5393
53,DJ Malan,1.5364
54,Inzamam-ul-Haq,1.532
55,S Dhawan,1.5304
56,Abid Ali,1.5269
57,B McMullen,1.5248
58,MW Machan,1.5181
59,JM Bairstow,1.5152
60,GD Phillips,1.5137
61,R Dravid,1.5128
62,DR Martyn,1.5122
63,DPMD Jayawardene,1.5119
64,PD Salt,1.5078
65,DS Lehmann,1.5008
66,JC Buttler,1.4986
67,Saeed Anwar,1.498
68,V Sehwag,1.4968
69,AA Jangoo,1.4903
69,AK Markram,1.4903
71,BB McCullum,1.489
71,TM Dilshan,1.489
73,R Ravindra,1.4885
74,UT Khawaja,1.4879
75,AC Gilchrist,1.4867
76,BJ Bennett,1.4846
77,AD Hales,1.4841
78,HE van der Dussen,1.4836
79,G Kirsten,1.4812
80,AD Mathews,1.4811
81,A Flower,1.481
82,PP Shaw,1.4806
83,CH Gayle,1.4771
84,VG Kambli,1.4745
85,Imam-ul-Haq,1.4718
86,Salman Agha,1.4699
87,JP Duminy,1.4678
88,IJL Trott,1.4665
89,BJ Hodge,1.4657
90,RD Gaikwad,1.4621
91,SC Ganguly,1.462
92,MJ Clarke,1.4618
93,G Gambhir,1.4612
94,Aqib Ilyas,1.4571
95,ME Trescothick,1.4567
96,SR Watson,1.4557
97,EJG Morgan,1.4538
98,MG Erasmus,1.4524
99,E Lewis,1.4506
100,Fakhar Zaman,1.4496
101,C Green,1.4484
102,JA Burns,1.4469
103,ME Waugh,1.4455
104,EC Joyce,1.4441
105,CL White,1.4419
106,SR Waugh,1.4398
107,MD Crowe,1.4392
108,IR Bell,1.4391
109,MS Chapman,1.4389
110,RA Smith,1.438
111,AN Cook,1.4379
112,Asif Khan,1.4369
113,RR Pant,1.4352
114,SE Rutherford,1.4336
114,Rahmat Shah,1.4336
116,GP Thorpe,1.4294
117,MR Marsh,1.4259
118,M Labuschagne,1.4254
119,SA Yadav,1.4249
120,MJ Guptill,1.4243
121,N Pooran,1.4237
122,Shayan Jahangir,1.423
123,Saim Ayub,1.4211
124,DL Chahar,1.4197
125,SM Katich,1.4185
126,Sarfaraz Ahmed,1.4179
127,Yuvraj Singh,1.4167
128,JJ Roy,1.4143
129,HH Pandya,1.4124
130,Shaiman Anwar,1.412
131,SD Hope,1.4103
132,Babar Hayat,1.4102
133,JN Malan,1.41
134,F Behardien,1.4095
135,Hashmatullah Shahidi,1.4075
136,TLW Cooper,1.4072
137,JL Langer,1.4069
138,Shoaib Malik,1.4063
139,GJ Bailey,1.4053
140,SA Engelbrecht,1.4041
141,JG Bethell,1.4038
142,L Klusener,1.4019
143,D Brevis,1.4004
144,GA Gooch,1.3997
145,RD Berrington,1.3986
146,S Chanderpaul,1.3982
147,Muhammad Waseem,1.3972
148,BKG Mendis,1.3954
149,AJ Strauss,1.3945
150,MP O'Dowd,1.3939
151,PL Mommsen,1.3936
152,CD McMillan,1.3932
153,RR Sarwan,1.3914
154,AGS Gous,1.391
155,Sikandar Raza,1.3908
156,DC Boon,1.39
157,MG Bevan,1.3875
158,Azhar Ali,1.3865
159,Umar Akmal,1.3858
160,Rahmanullah Gurbaz,1.3844
161,Tamim Iqbal,1.3826
162,MD Patel,1.3817
163,PHKD Mendis,1.3805
164,BA Stokes,1.3801
165,MN van Wyk,1.3796
166,ST Jayasuriya,1.3792
167,P Khadka,1.3779
168,Younis Khan,1.3772
169,DJ Cullinan,1.377
170,AJ Lamb,1.3769
171,KIC Asalanka,1.3767
172,Rameez Shahzad,1.3763
173,T Bavuma,1.376
174,GJ Maxwell,1.3744
175,JP Inglis,1.3734
176,CE McConchie,1.3706
177,Shakib Al Hasan,1.3703
178,JD Ryder,1.3702
179,Jaker Ali,1.3691
180,Ahmed Shehzad,1.3645
181,Mohammad Hafeez,1.3624
182,VVS Laxman,1.3616
183,RD Rickelton,1.3613
184,J Liyanage,1.3611
185,AH Jones,1.3589
186,Towhid Hridoy,1.3579
187,WJ Cronje,1.3569
188,AG Prince,1.3556
189,BC Broad,1.355
190,Muhammad Usman,1.3548
191,SA Edwards,1.3486
192,BRM Taylor,1.3484
193,DI Gower,1.348
194,M Levitt,1.3479
194,ND McKenzie,1.3479
196,KM Jadhav,1.3478
197,FH Allen,1.3477
198,SC Williams,1.3476
199,Saud Shakeel,1.3445
200,TWM Latham,1.3443
201,MDKJ Perera,1.3425
202,C Munro,1.3419
203,LS Livingstone,1.3415
204,TT Samaraweera,1.341
205,Najibullah Zadran,1.3393
206,SK Raina,1.3379
207,YS Samra,1.3375
208,MP Breetzke,1.3373
209,DJM Short,1.337
210,PSP Handscomb,1.3364
211,Salman Butt,1.3358
212,MP Stoinis,1.3353
213,HT Tector,1.3329
214,CL Hooper,1.3327
215,FDM Karunaratne,1.332
216,NJ Astle,1.3312
217,MN Samuels,1.3303
218,KJ Coetzer,1.33
219,T de Zorzi,1.3298
220,KC Wessels,1.3282
221,MJG Rippon,1.328
222,PR Stirling,1.3278
223,CS MacLeod,1.3277
224,T Stubbs,1.3264
225,K Verreynne,1.3247
226,JJ Smit,1.3244
227,JN Rhodes,1.324
228,SO Hetmyer,1.3223
229,MA Taylor,1.3216
230,HH Gibbs,1.3208
231,Mahmudullah,1.3207
232,AN Kervezee,1.3194
233,CA Ingram,1.3192
234,RA Jadeja,1.3182
235,JW Jenner,1.3178
236,AJ Stewart,1.315
237,AR Nurse,1.3138
238,DJ Hooda,1.3133
239,G Singh,1.3112
240,SP Fleming,1.3107
241,A Johnson,1.3096
242,RS Bopara,1.3088
243,Sharjeel Khan,1.3081
244,PJ Hughes,1.3076
245,Yasir Hameed,1.3066
246,Litton Das,1.3064
247,Azmatullah Omarzai,1.3063
248,AM Rahane,1.3061
249,N Dutta,1.3054
250,SR Taylor,1.3046
251,T Banton,1.3043
252,SP Krishnamurthi,1.3025
253,LJ Tucker,1.3017
254,H Thaker,1.3014
255,SO Tikolo,1.2994
256,CG Williams,1.2993
257,PD Collingwood,1.2984
258,CJ Anderson,1.2978
259,HH Dippenaar,1.297
260,NO Miller,1.2958
261,Mushfiqur Rahim,1.2941
262,Mohammad Shahzad,1.2924
263,V Aravind,1.2923
264,GA Hick,1.2922
265,Fawad Alam,1.2914
266,AD Russell,1.2911
267,JA Rudolph,1.291
268,Haris Sohail,1.2901
269,Tanzid Hasan,1.2876
270,JM Vince,1.2837
271,RR Hendricks,1.2833
272,Aamer Sohail,1.2829
273,NS Dhaliwal,1.2822
274,JAD Lawrenson,1.281
275,KNA Bandara,1.2805
276,MA Atherton,1.2798
277,MW Goodwin,1.2796
278,GR Marsh,1.279
279,JDS Neesham,1.278
280,RK Paudel,1.277
281,Mohammad Nadeem,1.2768
282,Mohammad Saifuddin,1.2764
282,LD Chandimal,1.2764
284,SB Styris,1.2754
285,TP Ura,1.2747
286,Imad Wasim,1.2738
287,Sediqullah Atal,1.2726
288,SV Manjrekar,1.2719
289,Aaron Jones,1.2709
290,DJ Hussey,1.2707
291,BR McDermott,1.2689
292,DL Houghton,1.2681
293,JL Smith,1.2678
294,MP Vaughan,1.2676
295,Zeeshan Maqsood,1.2671
296,M van Lingen,1.2668
297,C de Grandhomme,1.2632
298,Nizakat Khan,1.2613
298,DS Airee,1.2613
300,SE Marsh,1.2599
301,Asghar Afghan,1.2597
302,CL Cairns,1.2585
302,Pargat Singh,1.2585
304,LE Bosman,1.2583
305,BA King,1.2574
306,JWA Taylor,1.2561
307,A Vala,1.2551
308,KA Pollard,1.2545
309,Aasif Sheikh,1.254
310,CR Ervine,1.2539
310,MJ Prior,1.2539
312,Najmul Hossain Shanto,1.2512
313,NR Kirton,1.2461
314,CO Obuya,1.2459
315,BFW de Leede,1.2454
316,MA Jones,1.245
317,N Dickwella,1.2438
318,Shahid Afridi,1.2427
318,AN Petersen,1.2427
320,JD Campbell,1.2414
320,MS Wade,1.2414
322,HJH Marshall,1.241
323,DM Bravo,1.2406
324,T Taibu,1.2398
325,JC Adams,1.2393
326,MW Gatting,1.2376
327,PA Jaques,1.2373
328,DAS Gunaratne,1.2368
329,CB Lambert,1.2366
330,DM de Silva,1.2361
331,N Hussain,1.2358
332,Jatinder Singh,1.2312
333,V Shukla,1.2301
334,KD Karthik,1.2295
335,KJ O'Brien,1.2294
336,GS Ballance,1.229
337,Chirag Suri,1.2265
338,MJ Slater,1.2262
339,R Chopra,1.226
340,Shadab Khan,1.2249
340,SM Davies,1.2249
342,K Bhurtel,1.2247
342,S Ramesh,1.2247
344,WA Young,1.2245
345,M Kaif,1.2242
346,PN Kirsten,1.2233
347,C Kieswetter,1.2232
348,H Masakadza,1.2223
349,RV Uthappa,1.219
350,SF Mire,1.2187
351,Hazratullah Zazai,1.2183
352,Mohammad Nabi,1.2178
353,Z Crawley,1.2161
354,KR Mayers,1.216
355,Nasir Jamshed,1.2159
356,BJ Haddin,1.2155
358,WG Jacks,1.2128
358,RP Arnold,1.2128
358,Imran Nazir,1.2128
360,JDP Oram,1.2125
361,JP Greaves,1.2123
362,MG Bracewell,1.2101
363,OA Shah,1.2097
364,D Wiese,1.2094
365,G Fowler,1.2093
366,Asif Ali,1.2088
367,JM Kemp,1.2078
368,CN Ackermann,1.2074
369,KNM Fernando,1.2071
369,KU Carty,1.2071
371,Kamran Akmal,1.2064
372,HL Carlyon,1.2053
372,Basit Ali,1.2053
374,Nasir Hossain,1.2037
375,Sabbir Rahman,1.2035
376,DS Smith,1.202
377,MH Yardy,1.2015
378,Kushal Malla,1.2001
378,K Mishara,1.2001
380,J Charles,1.1996
381,IK Pathan,1.1995
382,A Jadeja,1.1991
383,Soumya Sarkar,1.1989
384,N Davin,1.1981
385,NV Knight,1.1951
386,WU Tharanga,1.1947
387,SW Billings,1.1944
388,C Campher,1.1928
389,OF Smith,1.1907
390,A Balbirnie,1.1904
391,C Bosch,1.19
392,S Samarawickrama,1.1897
393,AC Hudson,1.1892
394,DJ Bravo,1.1888
395,DSBP Kuruppu,1.1881
396,R Powell,1.1856
397,MD Gunathilaka,1.1848
398,Khurram Manzoor,1.1846
399,Hussain Talat,1.1843
399,MT Renshaw,1.1843
401,CP Rizwan,1.1841
402,BM Laird,1.1836
403,JS Malhotra,1.1834
404,JN Frylinck,1.1831
405,BJ Watling,1.1827
406,Shan Masood,1.1826
407,Usman Ghani,1.1821
408,Noor Ali Zadran,1.1816
409,Samiullah Shinwari,1.1798
410,Mominul Haque,1.1795
410,GW Flower,1.1795
412,IT Botham,1.1793
413,MM Ali,1.1791
414,W Barresi,1.1789
415,HD Rutherford,1.1784
416,RR Patel,1.1783
417,YK Pathan,1.1779
418,Gulsan Jha,1.1775
419,BM McMillan,1.1763
420,JN Loftie-Eaton,1.1762
421,NC Johnson,1.1753
422,R Shepherd,1.1751
423,Khushdil Shah,1.175
424,GEF Barnett,1.1747
425,M Spoors,1.1746
426,S Joseph,1.1737
426,JT Smuts,1.1737
428,NLTC Perera,1.1736
429,RG Twose,1.1732
430,Abdul Razzaq,1.1729
431,MW Short,1.1723
432,AR Patel,1.1715
433,H Klaasen,1.1709
434,CK Kapugedera,1.1694
435,WTS Porterfield,1.1693
436,Afif Hossain,1.1686
437,A Sharma,1.1677
438,Asad Shafiq,1.1676
439,Shahriar Nafees,1.1667
440,AT Carey,1.166
441,MA Agarwal,1.1653
442,Taufeeq Umar,1.1643
443,Khalid Latif,1.1639
444,JA Morkel,1.1633
445,JO Holder,1.1618
446,Nurul Hasan,1.1609
447,BP Nash,1.1605
448,KH Prajapati,1.1601
449,HM Nicholls,1.1588
450,MS Sinclair,1.1586
451,L Vincent,1.1576
452,SJ Myburgh,1.1574
452,KC Brathwaite,1.1574
454,DW Randall,1.1556
455,MJ Santner,1.1548
456,A Flintoff,1.1546
457,MJ Greatbatch,1.1535
458,AA Obanda,1.1533
459,NA Greenwood,1.152
460,R Gunasekera,1.1519
461,BN Cooper,1.1503
462,ES Szwarczynski,1.1501
463,JR Hopes,1.15
464,S Movva,1.1497
465,RL Chase,1.1471
466,Washington Sundar,1.1467
467,A Sharafu,1.1464
468,TA Blundell,1.1462
469,MV Boucher,1.1461
470,NRJ Croes,1.1458
471,Ayaan Khan,1.1454
472,SA Wijeyeratne,1.1453
473,JP Faulkner,1.1442
474,G Malla,1.1423
475,CJA Amini,1.1413
476,L Ronchi,1.14
477,RB McCosker,1.1396
478,Basil Hameed,1.1389
479,KR Rutherford,1.1377
480,Hamza Tariq,1.1374
481,M Jansen,1.1371
482,RR Watson,1.1359
483,ADR Campbell,1.1349
484,LMP Simmons,1.1332
485,Tayyab Tahir,1.1325
486,SM Curran,1.1306
487,MH Cross,1.1292
488,SL Campbell,1.1278
489,A Athanaze,1.1273
489,RJ Nicol,1.1273
491,PA Patel,1.1272
492,Aamer Malik,1.1267
493,MA Leask,1.1265
494,MR Swart,1.126
495,Abdullah Shafique,1.1252
496,Anwar Ali,1.1248
496,Rizwan Cheema,1.1248
498,Ravinderpal Singh,1.1246
499,Mosaddek Hossain,1.1239
500,M Vijay,1.1229
501,RT Robinson,1.1228
502,TM Moody,1.1223
503,KLT Arthurton,1.1216
504,KA Edwards,1.1215
505,BOP Fernando,1.1208
506,MHW Papps,1.1207
507,DJG Sammy,1.1204
508,RH Vance,1.1198
509,Mohammad Hasnain,1.1193
510,N Boje,1.1178
511,JJ Atkinson,1.1174
512,JP Kotze,1.1149
513,HDRL Thirimanne,1.1112
514,Wajahatullah Wasti,1.1109
515,Aarif Sheikh,1.1094
516,Iftikhar Ahmed,1.1084
517,PWA Mulder,1.1067
518,GH Dockrell,1.1062
519,AM Blignaut,1.1056
520,Ali Naseer,1.1048
520,KMA Paul,1.1048
522,J Dyson,1.1041
523,Aftab Ahmed,1.103
524,AK Sah,1.1028
525,BA Young,1.1021
526,Ashfaq Ahmed,1.1016
527,PBB Rajapaksa,1.1012
528,CJ Tavare,1.1011
528,D Ramdin,1.1011
530,Khalid Kail,1.101
531,Moin Khan,1.1009
532,GC Wilson,1.1007
533,Hammad Mirza,1.1006
534,SSJ Brooks,1.1002
535,Harmeet Singh,1.1001
536,R Ashwin,1.0997
537,CA Best,1.0984
538,Nawroz Mangal,1.0969
539,PJ Moor,1.0954
540,SJ Baard,1.095
541,SA Thomson,1.0947
542,DT Johnston,1.0946
543,AB Barath,1.0943
544,Shafiqullah,1.0935
545,NJ O'Brien,1.0925
546,Habibul Bashar,1.0922
547,Khawar Ali,1.0919
548,T Mishra,1.0905
549,S Bau,1.0888
549,MW Forde,1.0888
551,RD Jacobs,1.0884
552,SN Thakur,1.0883
553,MN Waller,1.0871
553,DO Obuya,1.0871
555,RML Taylor,1.0863
556,AM Samad,1.0861
557,RS Kaluwitharana,1.0854
558,SM Pollock,1.0853
559,SV Carlisle,1.0843
559,TAM Siriwardana,1.0843
561,HA Varaiya,1.0842
562,PW Borren,1.0835
563,AT Rayudu,1.0806
564,B Ward,1.0798
565,Naseem Khushi,1.0797
566,Saleem Elahi,1.0796
567,E Chigumbura,1.0792
568,MR Ramprakash,1.0787
569,PV Simmons,1.0771
570,NM Hauritz,1.077
571,GRJ Matthews,1.0766
572,MR Adair,1.0763
573,CR Woakes,1.0761
574,JL Denly,1.0754
575,M van Jaarsveld,1.0747
576,H Patel,1.0737
577,D Heyliger,1.0731
578,CN Greaves,1.0725
578,GO Jones,1.0725
580,DR Smith,1.0711
581,JP Crawley,1.0707
582,GS Blewett,1.0697
583,Mohammad Wasim,1.068
584,TK Curran,1.0674
585,DJ Willey,1.0663
586,Vikramjit Singh,1.0647
587,Saif Hassan,1.0643
588,CWJ Athey,1.0639
589,LJ Wright,1.0638
589,GJ Delany,1.0638
591,AC Parore,1.0633
592,B Zuiderent,1.063
593,IA Healy,1.0626
594,Rashid Khan,1.0618
595,Naeem Islam,1.0617
597,ZG Foulkes,1.0616
597,AJ Redmond,1.0616
597,KOA Powell,1.0616
599,GN Edwards,1.061
600,Kashif Daud,1.0609
601,Rohan Mustafa,1.0605
601,D Pretorius,1.0605
603,RJ Peterson,1.0588
604,D Elgar,1.0581
605,GJ Whittall,1.0578
605,Nasir Jamal,1.0578
607,RS Morton,1.0564
608,SC van Schalkwyk,1.0557
609,C Madande,1.0551
610,JJ Tucker,1.0549
611,Mohammad Ashraful,1.0548
612,P Willey,1.0525
613,Saad Bin Zafar,1.0514
614,Gulbadin Naib,1.0507
615,AJ Turner,1.0505
616,Sohaib Maqsood,1.0494
617,Mehidy Hasan Miraz,1.0493
618,Mohammad Boota,1.0491
619,IDS Smith,1.0485
620,HH Streak,1.0483
621,S Ranatunga,1.0482
622,Imran Farhat,1.0474
623,G Motie,1.0465
624,DJ Reekers,1.0443
625,Rashid Latif,1.0441
626,DF Watts,1.0439
627,AC Agar,1.0433
628,MJ Hay,1.0422
629,DN Wellalage,1.0418
630,PA Strang,1.0416
631,DE Bernard,1.0406
632,Yasir Ali,1.0403
633,GB Hogg,1.0393
634,D la Cock,1.0378
635,Jahurul Islam,1.0373
636,D Ganga,1.0367
636,CD Wallace,1.0367
638,C Karunaratne,1.0357
639,NE Bonner,1.0353
640,V Sibanda,1.0348
641,NH Fairbrother,1.0346
641,Azhar Mahmood,1.0346
643,JJ Crowe,1.0335
644,AD Mascarenhas,1.0331
644,MC Sorensen,1.0331
646,MA Vermeulen,1.0325
647,Suraj Kumar,1.032
648,JEC Franklin,1.031
649,AJ Hall,1.0299
650,RIC Holder,1.0296
651,Amjad Javed,1.0293
652,PL Symcox,1.0288
653,JF Mooney,1.0287
654,ZE Green,1.0284
655,PW Hasaranga,1.0274
655,TT Bresnan,1.0274
657,Ghulam Shabber,1.0269
658,CH Morris,1.0257
659,Faisal Iqbal,1.0247
660,MRJ Veletta,1.0238
661,I Udana,1.0236
662,SR Patel,1.0222
663,TD Astle,1.0221
664,AR White,1.022
665,BMAJ Mendis,1.0219
666,TD Paine,1.0213
666,JR Murray,1.0213
668,GP Swann,1.0194
669,AT Nidamanuru,1.019
670,T Suri,1.0183
671,AD Poynter,1.0171
672,KDK Vithanage,1.0167
672,CK Coventry,1.0167
674,CS Pandit,1.0166
675,MJ Horne,1.0157
676,AM Hardie,1.0136
677,N Vanua,1.0131
677,C Tear,1.0131
679,NR Kumar,1.0121
680,CB Wishart,1.01
681,LPC Silva,1.0099
682,Karim Sadiq,1.0084
683,JW Hastings,1.0078
684,CZ Harris,1.0075
685,Rajin Saleh,1.0051
686,MB Kruger,1.0046
687,DT Christian,1.0045
688,AR McBrine,1.0042
689,RW Chakabva,1.0041
690,V Sukumaran,1.004
691,UC Hathurusingha,1.0025
692,MA Carberry,1.0013
694,J Mubarak,1.0002
694,PG Fulton,1.0002
694,Mohammad Ishaq,1.0002
696,I Kaia,0.9992
697,WIA Fernando,0.9988
698,K Weeraratne,0.9987
699,GM Hamilton,0.9984
700,CM Spearman,0.9947
701,AR Cusack,0.9945
702,Asif Mujtaba,0.9939
703,MD Moxon,0.9933
704,WD Parnell,0.9932
704,WV Raman,0.9932
706,Javed Ahmadi,0.993
707,JAH Marshall,0.9929
708,DM Wellham,0.9923
709,R Mutumbami,0.9921
709,DA Gunawardene,0.9921
711,TJ Friend,0.992
712,D Parashar,0.9902
713,MD Shanaka,0.9894
714,JN Mohammed,0.9888
715,DS Bajwa,0.9887
716,DL Vettori,0.9883
717,B Lee,0.9878
718,Anamul Haque,0.9876
719,ML Udawatte,0.9871
720,NT Broom,0.987
721,W Madhevere,0.9862
722,MD Dai,0.985
723,SP Patil,0.9846
724,PL Taylor,0.9844
725,T Munyonga,0.9828
726,UDU Chandana,0.9821
727,DDP D'Silva,0.982
728,RE van der Merwe,0.9814
729,Tanwir Afzal,0.981
729,MJ Potts,0.981
731,DE Budge,0.9804
732,NK Patel,0.9791
733,AM Bacher,0.9789
734,PS Athavale,0.9781
735,TN de Grooth,0.9752
736,Nazimuddin,0.9724
737,Naved-ul-Hasan,0.9716
738,GSNFG Jayasuriya,0.9714
739,JH Davey,0.9712
740,Aryan Lakra,0.9685
740,J Botha,0.9685
742,NR Mongia,0.966
743,Haseeb Amjad,0.9657
744,Mohammad Nawaz (3),0.9656
745,GI Hume,0.9651
746,Karan KC,0.9636
747,DJ Richardson,0.9635
748,Faheem Ashraf,0.9621
749,N Deonarine,0.9617
750,Afsar Zazai,0.961
751,B Bhandari,0.9609
752,CJ Bowes,0.9607
753,CJ Chibhabha,0.9585
754,L Siaka,0.9576
755,Imrul Kayes,0.9573
756,JM How,0.9568
757,J Fraser-McGurk,0.9552
758,RC Russell,0.9545
759,W Larkins,0.9543
760,AJ Bichel,0.9534
761,R Trumpelmann,0.9526
762,DAJ Bracewell,0.9523
763,Javed Omar,0.9522
764,S Muthusamy,0.952
765,T van der Gugten,0.9516
765,Aizaz Khan,0.9516
767,SR Thompson,0.9505
768,OJ Hairs,0.9499
769,JM Brearley,0.9451
770,Zawar Farid,0.944
771,WP Saha,0.9439
772,KA Jamieson,0.9437
773,FA Allen,0.9436
774,XM Marshall,0.943
775,J Overton,0.9426
776,NM Coulter-Nile,0.9398
777,Aayan Afzal Khan,0.9396
778,Umar Amin,0.9387
779,Shamsur Rahman,0.9383
780,DD Ebrahim,0.9365
781,JM Davison,0.9364
782,Amjad Ali,0.9363
783,Mohammad Naveed,0.936
784,TE Blain,0.9354
785,GJ Rennie,0.9344
786,WW Hinds,0.934
786,Waheed Ahmed,0.934
788,Hasan Raza,0.9324
789,AS Hansra,0.9313
790,Mohammad Aadil Alam,0.9304
791,LR Johnson,0.9291
792,NFI McCallum,0.9275
793,Mohammad Naim,0.9273
794,T Marumani,0.926
795,CR Brathwaite,0.9251
796,Mansoor Akhtar,0.9234
797,ADS Fletcher,0.9232
798,PR Reiffel,0.9231
799,Zulfiqar Babar,0.9227
800,MD Bell,0.9212
801,HDPK Dharmasena,0.9201
802,AF Giles,0.9189
803,SB Joshi,0.9188
804,C Overton,0.9183
805,MG Johnson,0.9175
806,CS Baugh,0.9153
807,OAC Banks,0.9151
808,Tanzim Hasan Sakib,0.9142
809,H Hiri,0.9136
810,TK Musakanda,0.9104
811,Sompal Kami,0.9102
812,Hasan Ali,0.9099
813,Mohammad Mithun,0.9091
814,S Dhaniram,0.909
815,NL McCullum,0.9086
816,D Myers,0.9085
817,C White,0.9074
818,MV Nagamootoo,0.9053
819,CC Lewis,0.9029
820,Wasim Ali,0.9015
820,LM Jongwe,0.9015
822,RS Kalpage,0.9006
823,CA Pujara,0.8999
824,S Prasanna,0.8991
824,Hannan Sarkar,0.8991
826,Fayyaz Butt,0.898
827,ZB Lion-Cachet,0.8979
828,MRJ Watt,0.8972
829,KD Shah,0.8939
830,GD Elliott,0.8927
831,AL Phehlukwayo,0.8923
832,GM Strydom,0.8907
833,Zahid Fazal,0.8902
834,Simi Singh,0.8887
835,MC Henriques,0.8886
836,WPUJC Vaas,0.8882
837,KTGD Prasad,0.8876
838,S Jora,0.8869
839,Khaled Mashud,0.8864
840,SS McKechnie,0.8861
841,Harbhajan Singh,0.8856
842,TS Kamunhukamwe,0.8855
843,AC Botha,0.885
844,Irfan Khan,0.8849
845,CMW Read,0.8842
846,JL Ontong,0.8835
847,CA Soper,0.8834
848,Raqibul Hasan,0.883
849,Shoaib Khan,0.8824
850,SM Sharif,0.8822
850,AJ Hosein,0.8822
852,TG Southee,0.8818
852,Akram Khan,0.8818
854,Shahriar Hossain,0.8814
855,J Kila,0.88
856,JG Bracewell,0.8797
857,Sohag Gazi,0.8786
858,RG Aga,0.8785
859,K Doriga,0.8783
860,DJ Nash,0.8773
860,HR Walsh,0.8773
862,DR Flynn,0.877
863,Aminul Islam,0.8769
864,Rishad Hossain,0.8736
865,JA McCollum,0.8723
866,CJO Smith,0.8713
867,DP Hyatt,0.8694
868,Azam Khan,0.8684
869,A Nao,0.8683
870,Mohammad Rafique,0.8682
871,MA Wood,0.867
872,TB Sole,0.8669
873,MA Ealham,0.8664
873,RO Hinds,0.8664
875,VD Philander,0.8642
876,AH Omarshah,0.8641
877,NM Lyon,0.864
878,DT Tiripano,0.8638
879,DLS van Bunge,0.8637
880,SW Poynter,0.8633
881,Mashrafe Mortaza,0.8629
882,GM Ewing,0.8628
882,KM Dabengwa,0.8628
884,Waqas Khan,0.8626
885,JC Archer,0.8625
886,FC Hayes,0.8623
887,JE Emburey,0.8616
888,MO Jones,0.8612
889,Aamir Kaleem,0.8593
890,U Bhatti,0.8588
891,Yasir Shah,0.858
892,Sufyan Mehmood,0.8574
893,CJ Jordan,0.8557
894,DR Pringle,0.8556
895,Ziaur Rahman,0.8549
896,PAJ DeFreitas,0.8542
897,Shamim Hossain,0.854
898,AB Agarkar,0.8533
899,Shakeel Ahmed,0.8522
899,AS Joseph,0.8522
901,CD Cumming,0.8504
902,AJ Tye,0.8493
903,AC Cummins,0.8483
904,Shahid Nazir,0.8472
905,Yasir Arafat,0.8463
906,Al Sahariar,0.8461
907,TM Odoyo,0.8452
908,Naimur Rahman,0.8451
909,Shahid Wasif,0.8448
910,S Shrivastava,0.8421
911,K Pierre,0.8419
912,T Kaitano,0.8404
913,Sohail Tanvir,0.8381
914,Ijaz Faqih,0.838
915,PM Seelaar,0.8379
916,Mehrab Hossain,0.8376
917,AFG Griffith,0.8375
918,RP Snell,0.837
919,RWT Key,0.8367
920,CO Browne,0.8366
920,NS Poonia,0.8366
922,Nangeyalia Kharote,0.8361
923,BR Hartland,0.8356
924,BA Carse,0.8346
925,Sandeep Goud,0.8337
926,SB Doull,0.8326
927,S Elworthy,0.8323
928,Alok Kapali,0.8321
929,SK Warne,0.8313
930,RJ Harris,0.8307
931,Saqib Zulfiqar,0.8291
932,PJ Wiseman,0.8283
933,PR Downton,0.8271
934,Rehan Ahmed,0.8265
935,Dawlat Zadran,0.826
936,JD Nel,0.8259
937,MDK Perera,0.8249
938,BP Julian,0.824
939,RP Burl,0.8226
940,CT Mutombodzi,0.8224
941,DJ Capel,0.8219
942,RC Irani,0.8217
943,JTC Vaughan,0.8202
944,Nasum Ahmed,0.8198
945,K Rabada,0.8196
945,SP Khakurel,0.8196
947,LA Dawson,0.8192
948,SR Clark,0.8181
949,Jay Odedra,0.8179
950,AIC Dodemaide,0.8177
951,JA Richardson,0.8176
952,Mirwais Ashraf,0.8174
953,Mohammad Haris,0.8166
954,MJ McClenaghan,0.8164
955,PJ Cummins,0.8159
956,DW Fleming,0.8156
957,Mahedi Hasan,0.814
958,LE Plunkett,0.8129
959,MA Starc,0.811
960,Akram Raza,0.8098
961,SA Abbott,0.8083
962,DN Patel,0.8077
963,T Panyangara,0.8071
964,JL Pattinson,0.8066
965,Junaid Siddique,0.8062
966,RM Haq,0.8029
967,SS Pathirana,0.8015
968,MW Pringle,0.8003
969,S Matsikenyeri,0.7992
970,JS Foster,0.7991
971,VV Morea,0.7974
972,MF Maharoof,0.797
973,AU Rashid,0.7965
974,Irfan Ahmed,0.7957
975,KMDN Kulasekara,0.7935
976,BGK Walker,0.7929
977,CJ Richards,0.7928
977,JC Tredwell,0.7928
979,Mudassar Bukhari,0.7924
980,MS Kasprowicz,0.7906
981,Fareed Ahmad,0.7901
982,MH Dekker,0.7887
983,C Carter,0.7871
984,JE Taylor,0.787
985,JN Gillespie,0.7856
986,KA Maharaj,0.7826
987,GD Drummond,0.7823
988,HMCM Bandara,0.7811
989,LV van Beek,0.7806
990,RDB Croft,0.7793
991,PM Siddle,0.779
992,B Mavuta,0.7786
993,RJ Trott,0.7761
994,Khaled Mahmud,0.7753
995,B Kumar,0.7738
996,MG Hughes,0.7737
997,PE McEwan,0.773
998,KD Mills,0.7718
999,JK Kamande,0.7717
1000,CR Matthews,0.7713
1001,M Shumba,0.7708
1002,SCJ Broad,0.7707
1003,Waqas Barkat,0.7703
1004,CPL Connolly,0.77
1005,AM Ellis,0.7697
1006,T Thushara,0.7693
1007,SC Joseph,0.7678
1008,B Evans,0.7663
1009,NN Odhiambo,0.7646
1010,RA Reifer,0.7645
1010,FA Rose,0.7645
1012,Kaleem Sana,0.7632
1013,Sanuar Hossain,0.7631
1014,BB Chari,0.7621
1015,Ehsan Khan,0.7616
1016,G Coetzee,0.7605
1017,SMSM Senanayake,0.7599
1018,AR Odedara,0.7576
1019,Wahab Riaz,0.755
1019,NAM McLean,0.755
1021,SP Narine,0.7547
1022,RN Lewis,0.7541
1023,IS Sodhi,0.7535
1024,C Zhuwao,0.7532
1025,RJ Sidebottom,0.7531
1026,KOK Williams,0.753
1027,RJ Bright,0.7521
1028,JR Hazlewood,0.751
1029,J Srinath,0.7501
1030,Akhil Kumar,0.749
1031,JS Patel,0.7482
1032,WKM Benjamin,0.7478
1033,HN Ya France,0.7476
1034,Arafat Sunny,0.7471
1035,MJ Henry,0.747
1036,Shaheen Shah Afridi,0.7464
1037,MC Snedden,0.7462
1038,DG Cork,0.746
1040,G Miller,0.7455
1040,Shariz Ahmad,0.7455
1040,A Dananjaya,0.7455
1042,Arshad Ayub,0.7442
1043,MA Ouma,0.7421
1044,NM Odhiambo,0.742
1045,MR Gillespie,0.7415
1046,Ahmed Raza,0.7414
1047,Mohammad Wasim (1),0.7403
1048,Z Khan,0.7389
1049,AF Milne,0.7374
1050,TMK Mawoyo,0.7372
1051,EJ Gray,0.737
1052,DR Tuffey,0.7363
1053,R Klein,0.7358
1054,SJ Benn,0.7347
1055,MP Maynard,0.7343
1056,Mushfiqur Rahman,0.7337
1057,RK Illingworth,0.7335
1057,A Kumble,0.7335
1059,P Utseya,0.7319
1060,MP Bicknell,0.7303
1061,GJ Hopkins,0.7282
1062,AR Kapoor,0.7267
1063,HAPW Jayawardene,0.7266
1064,BJ Currie,0.7265
1065,N Madziva,0.7252
1065,IR Bishop,0.7252
1067,BM Scholtz,0.7247
1068,Farhad Reza,0.7246
1069,Mohammad Amir,0.7244
1070,GR Dilley,0.7233
1071,DC Thomas,0.7212
1072,Mujeeb Ur Rahman,0.7206
1073,TR Gripper,0.7195
1074,TA Boult,0.7194
1075,D Gough,0.7185
1076,PS de Villiers,0.718
1077,JH Stander,0.7174
1078,Sohail Khan,0.7132
1079,Hamid Hassan,0.7129
1080,KV Morea,0.7128
1080,D Bishoo,0.7128
1082,JNT Vare,0.7108
1083,PH Edmonds,0.71
1083,BJ McCarthy,0.71
1085,A Nel,0.7094
1086,EA Brandes,0.7093
1087,JB Little,0.7056
1088,JDF Vandersay,0.7054
1089,ML Nkala,0.705
1090,A Dutt,0.7046
1091,J Jarvis,0.7042
1092,CN Evans,0.7026
1093,S Randiv,0.702
1094,TJ Murtagh,0.7018
1095,NT Ellis,0.7016
1096,DNT Zoysa,0.7008
1097,BV Vitori,0.7006
1098,Tapash Baisya,0.6998
1099,K Klein,0.6993
1100,XJ Doherty,0.6991
1101,BC Fortuin,0.6968
1102,TL Best,0.6967
1103,RW Taylor,0.6963
1104,Jasdeep Singh,0.6962
1105,CEL Ambrose,0.6959
1106,M Kartik,0.6953
1107,S Lamichhane,0.6941
1108,Junaid Siddiqui,0.6906
1109,Kaleemullah,0.6898
1110,M Muralidaran,0.6892
1111,KW Richardson,0.6877
1112,Hasan Mahmud,0.6876
1113,Noor Ahmad,0.6872
1113,SO Ngoche,0.6872
1115,T Lungameni,0.6866
1116,Naseem Shah,0.686
1117,CAK Walton,0.6858
1118,RM Ellison,0.6856
1119,JA Duffy,0.6849
1120,HS Baidwan,0.6839
1121,M Morkel,0.6837
1122,A Mishra,0.6834
1123,CJ McDermott,0.6824
1124,RMS Eranga,0.6818
1125,KAJ Roach,0.6816
1126,R Rampaul,0.6804
1127,R Hekure,0.6784
1128,Sharafuddin Ashraf,0.6772
1129,G Goudie,0.6761
1130,NW Bracken,0.6752
1131,Haris Rauf,0.6747
1132,Umar Gul,0.673
1133,NA Foster,0.6719
1134,PR Adams,0.6714
1135,NB Mahwire,0.671
1136,DH Brain,0.6709
1137,SJ Harmison,0.6704
1138,BW Hilfenhaus,0.6702
1139,Waqar Younis,0.6699
1140,DI Allan,0.6673
1141,JA Rennie,0.6672
1142,T Maruma,0.6671
1143,MN Hart,0.6667
1144,SW Masakadza,0.6664
1145,AR Caddick,0.6656
1145,Shoriful Islam,0.6656
1147,R Ngarava,0.6655
1148,Saqlain Mushtaq,0.6642
1149,PP Ojha,0.664
1150,TBA May,0.6615
1151,C Pringle,0.6614
1152,WP Masakadza,0.661
1153,Mohammad Sami,0.6592
1154,RJW Topley,0.6588
1155,Abdur Rehman,0.6586
1156,SE Bond,0.658
1157,P Sarraf,0.6553
1158,Tushar Imran,0.6538
1159,Enamul Haque,0.6523
1160,Abdur Razzak,0.649
1161,Shoaib Akhtar,0.6471
1162,KCG Benjamin,0.6457
1163,D Williams,0.6449
1164,FL Reifer,0.6443
1165,UT Yadav,0.6428
1166,M Ntini,0.6413
1167,OP Stone,0.6383
1168,Imran Tahir,0.6367
1168,AG Cremer,0.6367
1170,Mushtaq Ahmed,0.636
1171,VB John,0.6347
1172,EE Hemmings,0.6343
1173,Taijul Islam,0.6336
1174,RGD Willis,0.6335
1175,KP Meiyappan,0.6334
1176,SK Atai,0.6314
1177,GC Small,0.6309
1178,GP Wickramasinghe,0.6304
1178,TS Chisoro,0.6304
1180,PA van Meekeren,0.6297
1181,Taskin Ahmed,0.629
1182,Arshdeep Singh,0.6284
1183,DA Stirling,0.6282
1184,Mohammad Sharif,0.6208
1185,SN Netravalkar,0.6196
1185,DK Liyanage,0.6196
1187,S Mahmood,0.6174
1188,Saeed Ajmal,0.6154
1189,JNT Seales,0.6122
1190,ARC Fraser,0.6049
1191,DE Bollinger,0.6003
1191,KM Jarvis,0.6003
1193,LS Pascoe,0.5996
1194,SL Malinga,0.5985
1195,CA Young,0.5979
1196,DG Brownlie,0.5977
1197,KR Pushpakumara,0.5972
1198,PJ Ongondo,0.597
1199,KJ Abbott,0.5963
1200,GE Bradburn,0.5962
1201,ST Finn,0.5945
1202,BTJ Wheal,0.5928
1203,M Theekshana,0.5925
1204,Muhammad Jawadullah,0.5904
1205,D Ravu,0.5888
1206,Kuldeep Yadav,0.5832
1207,MVT Fernando,0.5831
1208,CB Sole,0.5821
1209,VM Nyauchi,0.5812
1210,CPH Ramanayake,0.5796
1211,RK Chauhan,0.5783
1212,CT Tremlett,0.5773
1213,DW Steyn,0.5769
1214,WB Rankin,0.5763
1215,Junaid Khan,0.5758
1216,CA Walsh,0.5744
1217,BC Strang,0.5728
1218,PW Jarvis,0.5723
1219,A Zampa,0.5705
1220,Mohammed Shami,0.5703
1221,PJ Martin,0.5701
1222,RP Singh,0.5686
1223,DW Headley,0.568
1224,GH O'Brien,0.5679
1225,BA Murphy,0.5632
1226,MM Patel,0.563
1227,TL Chivanga,0.5624
1228,L Ngidi,0.5617
1229,JM Anderson,0.5613
1230,SNJ O'Keefe,0.561
1231,M Dillon,0.5607
1232,Amir Hamza,0.5587
1233,SS Cottrell,0.5567
1234,AO Suji,0.5558
1235,CAK Rajitha,0.5554
1236,FJ Klaassen,0.5545
1237,HMRKB Herath,0.5515
1238,Ali Khan,0.5512
1239,CRD Fernando,0.5502
1240,HGV Vare,0.547
1241,JK Lever,0.5463
1242,IG Butler,0.5434
1243,SW Tait,0.5348
1244,GB Brent,0.5339
1245,PADLR Sandakan,0.5312
1246,N Pokana,0.5305
1247,Danish Kaneria,0.5304
1248,EJ Chatfield,0.5302
1250,PCR Tufnell,0.5289
1250,DBL Powell,0.5289
1250,Naveen-ul-Haq,0.5289
1252,KSC de Silva,0.5279
1252,CT Mumba,0.5279
1254,Aaqib Javed,0.5277
1255,BAW Mendis,0.5269
1256,Shafiul Islam,0.5267
1257,PJW Allott,0.5257
1258,BP Patterson,0.5245
1259,GJ Batty,0.5244
1260,DT Hondo,0.524
1261,DK Morrison,0.5208
1262,MJ Humphreys,0.5197
1263,Shahadat Hossain,0.5194
1264,BKV Prasad,0.5182
1265,ML Su'a,0.5173
1266,AR Whittall,0.5158
1267,TL Chatara,0.5151
1268,PVD Chameera,0.5141
1269,H Osinde,0.5136
1270,RAS Lakmal,0.5118
1271,Arshad Khan,0.5066
1272,OEG Baartman,0.5065
1273,S Sreesanth,0.5019
1274,Sajid Khan,0.5016
1275,LH Ferguson,0.5012
1276,NP Kenjige,0.4968
1277,FH Edwards,0.4945
1278,Ata-ur-Rehman,0.4925
1279,Nadeem Ahmed,0.4914
1280,DE Malcolm,0.49
1281,JJC Lawson,0.4886
1282,Imran Khan,0.4876
1283,T Gwandu,0.4859
1284,B Muzarabani,0.4847
1285,Abrar Ahmed,0.4802
1286,Mustafizur Rahman,0.4799
1287,RD Jackman,0.4781
1288,CD Collymore,0.4771
1289,AA Donald,0.4752
1290,RW Price,0.474
1291,BD Glover,0.4733
1292,A Nortje,0.4704
1293,HK Olonga,0.4694
1294,GD McGrath,0.4693
1295,Rubel Hossain,0.4667
1296,J Nyumbu,0.466
1297,A Nehra,0.4631
1298,PT Collins,0.4617
1299,PKD Chase,0.4606
1300,Rahat Ali,0.4582
1301,W Watson,0.4578
1302,AD Mullally,0.4557
1303,I Sharma,0.4527
1304,Mohammed Siraj,0.4516
1305,N Pradeep,0.4509
1306,MR Whitney,0.4483
1307,NG Cowans,0.4451
1308,JJ Bumrah,0.4431
1309,YS Chahal,0.4428
1310,Syed Rasel,0.4412
1311,MJ Hoggard,0.4403
1312,JW Dernbach,0.4398
1313,CB Mpofu,0.4341
1314,Al-Amin Hossain,0.4334
1315,HT Davis,0.4306
1316,M Hayward,0.4237
1317,Shapoor Zadran,0.4203
1318,Zahoor Khan,0.4185
1319,CBRLS Kumara,0.4179
1320,Talha Jubair,0.4161
1321,AJ Traicos,0.4128
1322,AC Evans,0.4056
1323,T Shamsi,0.4055
1324,Enamul Haque jnr,0.4014
1325,MS Panesar,0.3958
1326,Mohammad Asif,0.3943
1327,E Otieno,0.3894
1328,CE Cuffy,0.389
1329,PDRL Perera,0.3872
1330,Manjural Islam,0.3844
1331,ST Gabriel,0.3835
1332,Yamin Ahmadzai,0.3822
1333,Mohammad Akram,0.3805
1334,Shabbir Ahmed,0.3799
1335,RD King,0.3788
1336,BA Reid,0.3764
1337,Bilal Khan,0.3617
1338,Fazalhaq Farooqi,0.3608
1339,CG Rackemann,0.3555
1340,Aftab Alam,0.349
1341,SB O'Connor,0.346
1342,M Mbangwa,0.342
1343,LN Rajbanshi,0.3372
1344,O Thomas,0.331
1345,EZ Matambanadzo,0.3273
1346,M Pathirana,0.3149
1347,M Hendrick,0.3123
1348,SI Kamea,0.2948
1349,Ebadot Hossain,0.292
1350,GI Allott,0.2829
1351,AM Fernando,0.2766
1352,VJ Kingma,0.2757
1353,CS Martin,0.2609
1354,M Prasidh Krishna,0.1839
